{
    "1": 0.00015423401762205006,
    "2": 8.896558497499318e-05,
    "3": 0.00014788014048826883,
    "4": 0.00012085385109857888,
    "5": 6.920698422929995e-05,
    "6": 0.00013077405040219398,
    "7": 0.00011002246414734049,
    "8": 8.321712927751351e-05,
    "9": 0.0001458635004607751,
    "10": 0.0001383101423910145,
    "11": 0.00012905474437552961,
    "12": 9.07839988224919e-05,
    "13": 0.00012826957135544112,
    "14": 8.059709424939106e-05,
    "15": 0.00010953835384004942,
    "16": 0.0001040127100645152,
    "17": 9.315988969591245e-05,
    "18": 0.0001278336644351927,
    "19": 0.00013835790997112425,
    "20": 0.00012619072129533518,
    "21": 0.0001363543044766454,
    "22": 4.749719717525083e-05,
    "23": 9.8120110263772e-05,
    "24": 0.0001278352887850715,
    "25": 9.456129534656223e-05,
    "26": 5.5763570941683255e-05,
    "27": 0.00010418029597176714
}