{
    "1": 6.414286107715272e-05,
    "2": 3.891036301235301e-05,
    "3": 6.113473160590519e-05,
    "4": 5.033049395874954e-05,
    "5": 2.9656610059978834e-05,
    "6": 5.5541141414663646e-05,
    "7": 4.591245018238771e-05,
    "8": 3.556044127385679e-05,
    "9": 6.096709119850615e-05,
    "10": 5.741195262071005e-05,
    "11": 5.347442580860766e-05,
    "12": 3.964889314787136e-05,
    "13": 5.4368135189794e-05,
    "14": 3.511523597413045e-05,
    "15": 4.703098104924684e-05,
    "16": 4.369912311793958e-05,
    "17": 4.011240037309551e-05,
    "18": 5.4162049890511875e-05,
    "19": 5.7662597402573866e-05,
    "20": 5.324745090038083e-05,
    "21": 5.740321229648771e-05,
    "22": 2.0808351671196383e-05,
    "23": 4.205659381154466e-05,
    "24": 5.320806813741386e-05,
    "25": 4.1177963689432516e-05,
    "26": 2.4154894325094266e-05,
    "27": 4.395325873619709e-05
}