{
    "1": 0.0001386875581838558,
    "2": 0.0001781489373347604,
    "3": 0.00012465696939345503,
    "4": 0.0001266920062147594,
    "5": 0.0001387962044584495,
    "6": 0.00015733706140577702,
    "7": 0.00010783172036109023,
    "8": 0.0001313895668308588,
    "9": 0.0001684251290727889,
    "10": 0.00011812229295519417,
    "11": 0.00011939446605234026,
    "12": 0.00018135312782318138,
    "13": 0.0001485200972104872,
    "14": 0.00016815617395258777,
    "15": 0.00016907368022106882,
    "16": 0.0001100233126733752,
    "17": 0.000140750736584441,
    "18": 0.00020155026556742088,
    "19": 0.00014093614894441218,
    "20": 0.0001814261791539772,
    "21": 0.0001520316047477441,
    "22": 0.00013431135151535187,
    "23": 0.00015116306627417124,
    "24": 0.00013431814489218806,
    "25": 0.0001731798100935577,
    "26": 0.00013888723650132406,
    "27": 0.00014648743344113929
}